{
    "$schema": "https://adaptivecards.io/schemas/adaptive-card.json",
    "type": "AdaptiveCard",
    "version": "1.5",
    "backgroundImage": {
        "url": "https://cdn-dynmedia-1.microsoft.com/is/image/microsoftcorp/AI-mesh-hero?scl=1",
        "horizontalAlignment": "Center",
        "verticalAlignment": "Center"
    },
    "body": [
        {
            "type": "Container",
            "items": [
                {
                    "type": "TextBlock",
                    "text": "See Patterns. Act with Confidence.",
                    "wrap": true,
                    "size": "Large",
                    "weight": "Bolder",
                    "color": "Accent"
                },
                {
                    "type": "TextBlock",
                    "text": "The Analyst agent turns raw data into clear insights. It explores datasets, surfaces trends and anomalies, and delivers concise recommendations so your team can move from signal to decision—fast.",
                    "wrap": true,
                    "spacing": "Small"
                }
            ]
        },
        {
            "type": "Container",
            "style": "emphasis",
            "items": [
                {
                    "type": "TextBlock",
                    "text": "What you’ll get",
                    "wrap": true,
                    "weight": "Bolder",
                    "size": "Medium"
                },
                {
                    "type": "TextBlock",
                    "text": "• Quick exploratory analysis with plain‑language summaries\n• Trend and anomaly detection across your sources\n• Actionable recommendations you can share instantly",
                    "wrap": true,
                    "spacing": "Small"
                }
            ]
        }
    ],
    "actions": [
        {
            "type": "Action.OpenUrl",
            "title": "Open Analyst in Copilot",
            "style": "positive",
            "url": "https://m365.cloud.microsoft/chat/?titleId=P_8cfc4e6f-267e-db15-c6e7-3fc47a54f61e"
        }
    ]
}