{
    "$schema": "https://adaptivecards.io/schemas/adaptive-card.json",
    "type": "AdaptiveCard",
    "version": "1.5",
    "backgroundImage": {
        "url": "https://cdn-dynmedia-1.microsoft.com/is/image/microsoftcorp/AI-mesh-hero?scl=1",
        "horizontalAlignment": "Center",
        "verticalAlignment": "Center"
    },
    "body": [
        {
            "type": "Container",
            "items": [
                {
                    "type": "TextBlock",
                    "text": "Turn Questions Into Evidence‑Backed Answers",
                    "wrap": true,
                    "size": "Large",
                    "weight": "Bolder",
                    "color": "Accent"
                },
                {
                    "type": "TextBlock",
                    "text": "The Researcher agent accelerates fact‑finding and synthesis so your team can make confident, data‑driven decisions. It searches, compares, and summarizes sources, then produces concise briefs you can share instantly.",
                    "wrap": true,
                    "spacing": "Small"
                }
            ]
        },
        {
            "type": "Container",
            "style": "emphasis",
            "items": [
                {
                    "type": "TextBlock",
                    "text": "What you’ll get",
                    "wrap": true,
                    "weight": "Bolder",
                    "size": "Medium"
                },
                {
                    "type": "TextBlock",
                    "text": "• Rapid source discovery across trusted content\n• Side‑by‑side comparisons that expose key differences\n• Clear, cited summaries tailored to your audience",
                    "wrap": true,
                    "spacing": "Small"
                }
            ]
        }
    ],
    "actions": [
        {
            "type": "Action.OpenUrl",
            "title": "Open Researcher in Copilot",
            "url": "https://m365.cloud.microsoft/chat/?titleId=P_552e6eda-fc18-7fb9-0ef6-1bf2de3393e4",
            "style": "positive"
        }
    ]
}