<environmentvariabledefinition schemaname="cr673_SiteAddress">
  <defaultvalue>https://m365cpi83403664.sharepoint.com/sites/M365CopilotAgentPOC</defaultvalue>
  <description default="Sharepoint Site address">
    <label description="Sharepoint Site address" languagecode="1033" />
  </description>
  <displayname default="Site Address">
    <label description="Site Address" languagecode="1033" />
  </displayname>
  <introducedversion>1.0.0.2</introducedversion>
  <iscustomizable>1</iscustomizable>
  <isrequired>0</isrequired>
  <secretstore>0</secretstore>
  <type>100000000</type>
</environmentvariabledefinition>