{"name":"017fbc10-70d4-4ded-bfb0-ad9fc862c1ed","id":"/providers/Microsoft.Flow/flows/017fbc10-70d4-4ded-bfb0-ad9fc862c1ed","type":"Microsoft.Flow/flows","properties":{"apiId":"/providers/Microsoft.PowerApps/apis/shared_logicflows","displayName":"Nudge Demo","definition":{"metadata":{"workflowEntityId":null,"processAdvisorMetadata":null,"flowChargedByPaygo":null,"flowclientsuspensionreason":"None","flowclientsuspensiontime":null,"flowclientsuspensionreasondetails":null,"creator":{"id":"8324f26f-3581-4808-8b29-a3859615710a","type":"User","tenantId":"359915a9-48c7-4ea2-8cb2-688924835bc4"},"provisioningMethod":"FromDefinition","failureAlertSubscription":true,"clientLastModifiedTime":"2026-01-22T04:23:24.979742Z","connectionKeySavedTimeKey":"2026-01-22T04:23:24.979742Z","creationSource":null},"$schema":"https://schema.management.azure.com/providers/Microsoft.Logic/schemas/2016-06-01/workflowdefinition.json#","contentVersion":"1.0.0.0","parameters":{"$connections":{"defaultValue":{},"type":"Object"},"$authentication":{"defaultValue":{},"type":"SecureObject"}},"triggers":{"manual":{"metadata":{"operationMetadataId":"ad693d8c-7b20-4ee3-b285-1257f6d18274"},"type":"Request","kind":"Button","inputs":{"schema":{"type":"object","properties":{},"required":[]}}}},"actions":{"Get_files_(properties_only)":{"runAfter":{},"metadata":{"operationMetadataId":"6e8397fb-d9ef-4b6b-bc8f-13547c20e307"},"type":"OpenApiConnection","inputs":{"host":{"apiId":"/providers/Microsoft.PowerApps/apis/shared_sharepointonline","connectionName":"shared_sharepointonline","operationId":"GetFileItems"},"parameters":{"dataset":"https://m365cpi83403664.sharepoint.com/sites/M365CopilotAgentPOC","table":"9b2a2216-f714-464b-98ae-af7c38c66f8b"},"authentication":{"value":"@json(decodeBase64(triggerOutputs().headers['X-MS-APIM-Tokens']))['$ConnectionKey']","type":"Raw"}}},"Apply_to_each":{"foreach":"@outputs('Get_files_(properties_only)')?['body/value']","actions":{"Get_file_content":{"runAfter":{},"metadata":{"operationMetadataId":"9bff23aa-2e49-449d-a8bc-5e52abb9720e"},"type":"OpenApiConnection","inputs":{"host":{"apiId":"/providers/Microsoft.PowerApps/apis/shared_sharepointonline","connectionName":"shared_sharepointonline","operationId":"GetFileContent"},"parameters":{"dataset":"https://m365cpi83403664.sharepoint.com/sites/M365CopilotAgentPOC","id":"@items('Apply_to_each')?['{FullPath}']","inferContentType":true},"authentication":{"value":"@json(decodeBase64(triggerOutputs().headers['X-MS-APIM-Tokens']))['$ConnectionKey']","type":"Raw"}}},"List_group_members":{"runAfter":{"Get_file_content":["Succeeded"]},"metadata":{"operationMetadataId":"a58295c7-affa-4316-8315-092a9db7118b"},"type":"OpenApiConnection","inputs":{"host":{"apiId":"/providers/Microsoft.PowerApps/apis/shared_office365groups","connectionName":"shared_office365groups","operationId":"ListGroupMembers"},"parameters":{"groupId":"b27c3889-8fbc-4930-87a2-a10883fb5b0e"},"authentication":{"value":"@json(decodeBase64(triggerOutputs().headers['X-MS-APIM-Tokens']))['$ConnectionKey']","type":"Raw"}}},"Apply_to_each_2":{"foreach":"@outputs('List_group_members')?['body/value']","actions":{"Post_card_in_a_chat_or_channel":{"runAfter":{},"metadata":{"operationMetadataId":"3e3d37c5-243d-4633-bd89-b12d04069bca"},"type":"OpenApiConnection","inputs":{"host":{"apiId":"/providers/Microsoft.PowerApps/apis/shared_teams","connectionName":"shared_teams","operationId":"PostCardToConversation"},"parameters":{"poster":"Flow bot","location":"Chat with Flow bot","body/recipient":"@{items('Apply_to_each_2')?['mail']};","body/messageBody":"@body('Get_file_content')"},"authentication":{"value":"@json(decodeBase64(triggerOutputs().headers['X-MS-APIM-Tokens']))['$ConnectionKey']","type":"Raw"}}}},"runAfter":{"List_group_members":["Succeeded"]},"metadata":{"operationMetadataId":"42f4973e-77ac-48f2-a07f-ea2a8bc3e806"},"type":"Foreach"}},"runAfter":{"Get_files_(properties_only)":["Succeeded"]},"metadata":{"operationMetadataId":"db24d52b-e38a-4b3f-810a-0b0ae089a89a"},"type":"Foreach"}}},"connectionReferences":{"shared_sharepointonline":{"connectionName":"8b9d17248c69453ba404914d9049c8be","source":"Invoker","id":"/providers/Microsoft.PowerApps/apis/shared_sharepointonline","tier":"NotSpecified","apiName":"sharepointonline","isProcessSimpleApiReferenceConversionAlreadyDone":false},"shared_office365groups":{"connectionName":"003ed4489a4a4938a3406af61003d587","source":"Invoker","id":"/providers/Microsoft.PowerApps/apis/shared_office365groups","tier":"NotSpecified","apiName":"office365groups","isProcessSimpleApiReferenceConversionAlreadyDone":false},"shared_teams":{"connectionName":"shared-teams-12add36a-750b-4e79-937a-c39809acdf39","source":"Invoker","id":"/providers/Microsoft.PowerApps/apis/shared_teams","tier":"NotSpecified","apiName":"teams","isProcessSimpleApiReferenceConversionAlreadyDone":false}},"flowFailureAlertSubscribed":false,"isManaged":false}}