<environmentvariabledefinition schemaname="cr673_GroupID">
  <defaultvalue>1545da92-6be5-41e0-967e-3a590413c256</defaultvalue>
  <description default="Microsoft 365 group containing all Copilot-enabled users for targeted communication and actions">
    <label description="Microsoft 365 group containing all Copilot-enabled users for targeted communication and actions" languagecode="1033" />
  </description>
  <displayname default="Group ID">
    <label description="Group ID" languagecode="1033" />
  </displayname>
  <introducedversion>1.0.0.2</introducedversion>
  <iscustomizable>1</iscustomizable>
  <isrequired>0</isrequired>
  <secretstore>0</secretstore>
  <type>100000000</type>
</environmentvariabledefinition>