{
  "properties": {
    "connectionReferences": {
      "shared_sharepointonline": {
        "runtimeSource": "invoker",
        "connection": {
          "connectionReferenceLogicalName": "new_sharedsharepointonline_129c6"
        },
        "api": {
          "name": "shared_sharepointonline"
        }
      },
      "shared_office365groups": {
        "runtimeSource": "invoker",
        "connection": {
          "connectionReferenceLogicalName": "new_sharedoffice365groups_9c3f0"
        },
        "api": {
          "name": "shared_office365groups"
        }
      },
      "shared_teams": {
        "runtimeSource": "invoker",
        "connection": {
          "connectionReferenceLogicalName": "new_sharedteams_6b4d8"
        },
        "api": {
          "name": "shared_teams"
        }
      }
    },
    "definition": {
      "$schema": "https://schema.management.azure.com/providers/Microsoft.Logic/schemas/2016-06-01/workflowdefinition.json#",
      "contentVersion": "1.0.0.0",
      "parameters": {
        "$connections": {
          "defaultValue": {},
          "type": "Object"
        },
        "$authentication": {
          "defaultValue": {},
          "type": "SecureObject"
        },
        "Library Name (cr673_LibraryName)": {
          "defaultValue": "Nudge App Adaptive Cards",
          "type": "String",
          "metadata": {
            "schemaName": "cr673_LibraryName",
            "description": "Sharepoint Library Name"
          }
        },
        "Group ID (cr673_GroupID)": {
          "defaultValue": "1545da92-6be5-41e0-967e-3a590413c256",
          "type": "String",
          "metadata": {
            "schemaName": "cr673_GroupID",
            "description": "Microsoft 365 group containing all Copilot-enabled users for targeted communication and actions"
          }
        },
        "Site Address (cr673_SiteAddress)": {
          "defaultValue": "https://m365cpi83403664.sharepoint.com/sites/M365CopilotAgentPOC",
          "type": "String",
          "metadata": {
            "schemaName": "cr673_SiteAddress",
            "description": "Sharepoint Site address"
          }
        }
      },
      "triggers": {
        "manual": {
          "metadata": {
            "operationMetadataId": "08a19652-94f2-496d-92d5-d6c1df56ff49"
          },
          "type": "Request",
          "kind": "Button",
          "inputs": {
            "schema": {
              "type": "object",
              "properties": {},
              "required": []
            }
          }
        }
      },
      "actions": {
        "Get_files_(properties_only)": {
          "runAfter": {},
          "metadata": {
            "operationMetadataId": "a4dbea1a-7692-4edf-8de5-5fc8f5926035"
          },
          "type": "OpenApiConnection",
          "inputs": {
            "host": {
              "connectionName": "shared_sharepointonline",
              "operationId": "GetFileItems",
              "apiId": "/providers/Microsoft.PowerApps/apis/shared_sharepointonline"
            },
            "parameters": {
              "dataset": "@parameters('Site Address (cr673_SiteAddress)')",
              "table": "@parameters('Library Name (cr673_LibraryName)')"
            },
            "authentication": {
              "type": "Raw",
              "value": "@json(decodeBase64(triggerOutputs().headers['X-MS-APIM-Tokens']))['$ConnectionKey']"
            }
          }
        },
        "Apply_to_each": {
          "foreach": "@outputs('Get_files_(properties_only)')?['body/value']",
          "actions": {
            "Get_file_content_using_path": {
              "runAfter": {},
              "metadata": {
                "operationMetadataId": "5d6b6561-b131-46c7-b9d3-04adb9e28d59"
              },
              "type": "OpenApiConnection",
              "inputs": {
                "host": {
                  "connectionName": "shared_sharepointonline",
                  "operationId": "GetFileContentByPath",
                  "apiId": "/providers/Microsoft.PowerApps/apis/shared_sharepointonline"
                },
                "parameters": {
                  "dataset": "@parameters('Site Address (cr673_SiteAddress)')",
                  "path": "@items('Apply_to_each')?['{FullPath}']",
                  "inferContentType": true
                },
                "authentication": {
                  "type": "Raw",
                  "value": "@json(decodeBase64(triggerOutputs().headers['X-MS-APIM-Tokens']))['$ConnectionKey']"
                }
              }
            },
            "List_group_members": {
              "runAfter": {
                "Get_file_content_using_path": [
                  "Succeeded"
                ]
              },
              "metadata": {
                "operationMetadataId": "f421a0f0-4d41-4568-8721-b2aa820992a0"
              },
              "type": "OpenApiConnection",
              "inputs": {
                "host": {
                  "connectionName": "shared_office365groups",
                  "operationId": "ListGroupMembers",
                  "apiId": "/providers/Microsoft.PowerApps/apis/shared_office365groups"
                },
                "parameters": {
                  "groupId": "@parameters('Group ID (cr673_GroupID)')"
                },
                "authentication": {
                  "type": "Raw",
                  "value": "@json(decodeBase64(triggerOutputs().headers['X-MS-APIM-Tokens']))['$ConnectionKey']"
                }
              }
            },
            "ForeachUsers": {
              "foreach": "@outputs('List_group_members')?['body/value']",
              "actions": {
                "Post_card_in_a_chat_or_channel": {
                  "runAfter": {},
                  "metadata": {
                    "operationMetadataId": "f195ce0d-8fac-4dd4-a8bd-771a9b65caa3"
                  },
                  "type": "OpenApiConnection",
                  "inputs": {
                    "host": {
                      "connectionName": "shared_teams",
                      "operationId": "PostCardToConversation",
                      "apiId": "/providers/Microsoft.PowerApps/apis/shared_teams"
                    },
                    "parameters": {
                      "poster": "Flow bot",
                      "location": "Chat with Flow bot",
                      "body/recipient": "@{items('ForeachUsers')?['userPrincipalName']};",
                      "body/messageBody": "@body('Get_file_content_using_path')"
                    },
                    "authentication": {
                      "type": "Raw",
                      "value": "@json(decodeBase64(triggerOutputs().headers['X-MS-APIM-Tokens']))['$ConnectionKey']"
                    }
                  }
                }
              },
              "runAfter": {
                "List_group_members": [
                  "Succeeded"
                ]
              },
              "metadata": {
                "operationMetadataId": "04d5912a-bb74-499f-a6c7-7cd506a80c84"
              },
              "type": "Foreach",
              "runtimeConfiguration": {
                "concurrency": {
                  "repetitions": 50
                }
              }
            }
          },
          "runAfter": {
            "Get_files_(properties_only)": [
              "Succeeded"
            ]
          },
          "metadata": {
            "operationMetadataId": "e46bcd7c-8262-4788-b4e2-6435d63b3d54"
          },
          "type": "Foreach",
          "runtimeConfiguration": {
            "concurrency": {
              "repetitions": 50
            }
          }
        }
      }
    },
    "templateName": ""
  },
  "schemaVersion": "1.0.0.0"
}