<environmentvariabledefinition schemaname="cr673_LibraryName">
  <defaultvalue>Nudge App Adaptive Cards</defaultvalue>
  <description default="Sharepoint Library Name">
    <label description="Sharepoint Library Name" languagecode="1033" />
  </description>
  <displayname default="Library Name">
    <label description="Library Name" languagecode="1033" />
  </displayname>
  <introducedversion>1.0.0.2</introducedversion>
  <iscustomizable>1</iscustomizable>
  <isrequired>0</isrequired>
  <secretstore>0</secretstore>
  <type>100000000</type>
</environmentvariabledefinition>